Perfil,Areas,Nombre_completo,Biografia,Selenium_bio,Foto_Perfil_URL
abelm.g,hogar,Abel de GonzaÌlez | Decorador & Interiorista,"ğŸ‘¨ğŸ»â€ğŸ’» AsesorÃ­as decorativas âœğŸŒ 
ğŸ¥ Youtuber +400 k 
Ãšnete a nuestra comunidad ğŸ‘‡",Seguir | Estudio de diseÃ±o de interiores | linktr.ee/abel_d_gonzalez | Cuentas relacionadas | decoratucasa_online | Decora tu casa | DecoraciÃ³n & Home Styling | Seguir | lartdelmoble | L'art del moble | Seguir,https://scontent-mad1-1.cdninstagram.com/v/t51.2885-19/275252328_1006341783590381_5795135239542484168_n.jpg?stp=dst-jpg_s320x320_tt6&_nc_ht=scontent-mad1-1.cdninstagram.com&_nc_cat=105&_nc_oc=Q6cZ2QEwDk4X5EuhhymkzFQAEzvXAvIganOy7VTPdPrb3Z55BOi8j8yz51Q4llqSkHTERh8&_nc_ohc=P8Kmk6UCfh0Q7kNvwH1e0w-&_nc_gid=T6KKhhWvBbhdKWL6gvUxcg&edm=AOQ1c0wBAAAA&ccb=7-5&oh=00_AfLAICtkaSXiaB-4JdAb2bN7XZmYxbm_7uVUFSIaFMYDHQ&oe=683B59D6&_nc_sid=8b3546
alebuitragoh,mascotasÂ  | musica y cine | moda | general,"Alejandra Buitrago | Actriz, Modelo, creadora de contenido.","Co-founder @alebuhoficial
Actriz, modelo, creadora de contenido y mamÃ¡.ğŸ‡¨ğŸ‡´",Seguir | alebuh.com | Cuentas relacionadas | jessicacedielnet | Jessica Cediel | Seguir | caterinescobaractriz | Caterin Escobar | Seguir | danielatapiaoficial,https://instagram.fvlc7-1.fna.fbcdn.net/v/t51.2885-19/487358715_646316871442349_8346644608785724541_n.jpg?stp=dst-jpg_s320x320_tt6&_nc_ht=instagram.fvlc7-1.fna.fbcdn.net&_nc_cat=105&_nc_oc=Q6cZ2QG9PYCbjShb0ikqhoDhZm750IhtBhPEsmvZdIrFpG2Nva-RcGUKy7ZBd_MEV5Lb8E8&_nc_ohc=ugsoeNzLU30Q7kNvwG66g73&_nc_gid=UZLiB8_5oyuJ97-8tczH9g&edm=AOQ1c0wBAAAA&ccb=7-5&oh=00_AfLLf7Sr4ShABBPlKnOiZmjrTF2xLsPwWWq9iCluTMwl4Q&oe=683B7E41&_nc_sid=8b3546
alexiaputellas,deportes | general,Alexia Putellas,"footballer 
@more.than.eleven",Seguir | Cuentas relacionadas | fcbfemeni | FC Barcelona Femeni | Seguir | ona.batlle | O N A  B A T L L E | Seguir | kika.nazareth | Francisca Nazareth,https://scontent-mad1-1.cdninstagram.com/v/t51.2885-19/449593868_1532780267661073_7450893738091538766_n.jpg?stp=dst-jpg_s320x320_tt6&_nc_ht=scontent-mad1-1.cdninstagram.com&_nc_cat=1&_nc_oc=Q6cZ2QHYID24yKdIZB0QzUXqCj0BvZDK90B6RZCZuMXLseM4Ui7fH9kLxKOaoJquN43dL1U&_nc_ohc=dc23OYzM5eoQ7kNvwFewKGV&_nc_gid=3IeTX6ezSzP-w1xR0x0siw&edm=AOQ1c0wBAAAA&ccb=7-5&oh=00_AfL2g3713TKdaPpXmiu8mX3WIf91GWJRsFKfHxmoHma96w&oe=683B5B21&_nc_sid=8b3546
andres_sile,viajes y equipaje | motor,Andres Sile,"Motos, Viajes y Humor ğŸ“¸ 
Dando la vuelta al mundo en moto ğŸï¸ğŸŒ 
Andressile@buenaventuratalents.com ğŸ“©
Lo mejor de mi viaje estÃ¡ ahÃ­ ğŸ‘‡ğŸ¼",Seguir | yt.openinapp.co/eln29 + 2 | Cuentas relacionadas | embarra_2 | Embarra2 ğŸ›µ | Seguir | madrid_riders | ğŸï¸ğŸ”¥MADRID RIDERS â¤ï¸ | Seguir | bikelifejerezz,https://scontent-mad1-1.cdninstagram.com/v/t51.2885-19/448240380_2453043028226550_3159272536387982930_n.jpg?stp=dst-jpg_s320x320_tt6&_nc_ht=scontent-mad1-1.cdninstagram.com&_nc_cat=106&_nc_oc=Q6cZ2QEGoJ-EyVvb8qIsFRqNT9RjyiHhnui1f3a-DSg0LeNBdc0s_YCwIfhmYIG0tywbGoM&_nc_ohc=sU6WerNSorwQ7kNvwENaicL&_nc_gid=RS1LWvXhnxv6TnUIPizPYA&edm=AOQ1c0wBAAAA&ccb=7-5&oh=00_AfI0-UwcsBIs7B_bfLS6i5y42rZ9WUSx5Zq3orOwVqR20A&oe=683B6BDE&_nc_sid=8b3546
andresperfumeman,perfumeriaÂ y cosmeticaÂ ,AndrÃ©s Croxatto T.,"YouTube: AndrÃ©s Perfume-Man
Mis perfumes: www.CROXATTO.com
Links:",Seguir | linktr.ee/andrescroxatto | Cuentas relacionadas | not_scentopia | Scentopia | Seguir | jperfumes_ms | JP Perfumes - Venta de perfumes - Tienda de perfumes | Seguir | _andres_perfumes,https://scontent-mad2-1.cdninstagram.com/v/t51.2885-19/52995634_335605397162180_1996996261760204800_n.jpg?stp=dst-jpg_e0_s150x150_tt6&_nc_ht=scontent-mad2-1.cdninstagram.com&_nc_cat=108&_nc_oc=Q6cZ2QF5V-pr6itePFYr_fvhBNJFiMmUWKO8dCDC8x8LoyCGmuU27sQZPbnpIkKUo44yE9Q&_nc_ohc=LIq7fAa_jbAQ7kNvwF3xnGC&_nc_gid=nVEGbxlswRDudi4U7Jh9oQ&edm=AOQ1c0wBAAAA&ccb=7-5&oh=00_AfLvkSk6I-myNYQKDR3I2TzKgjANOLNLcWhorwHE1CjS_w&oe=683B6EFD&_nc_sid=8b3546
cesarsway,mascotasÂ ,Cesar Millan,"Dog Behaviorist ğŸ• 
Animal Lover â¤ï¸
@walkingwithcesar ğŸ™ï¸
@trainingcesarsway
#BetterHumansBetterPlanet ğŸŒ",Seguir | linktr.ee/cesarsway | Cuentas relacionadas | packleaderdogs | Steve Del Savio | Seguir | fallontonight | The Tonight Show | Seguir | melrobbins,https://scontent-mad1-1.cdninstagram.com/v/t51.2885-19/335932061_240360331689023_8278830206841139662_n.jpg?stp=dst-jpg_s320x320_tt6&_nc_ht=scontent-mad1-1.cdninstagram.com&_nc_cat=1&_nc_oc=Q6cZ2QFKSYU_3wTy-Nf-HG_8e_CHiCK9Ynzw1rvCUICoYVFWm4LZU_8IntyRamcKTJqZkzQ&_nc_ohc=x06nmcDchq4Q7kNvwEVtiPh&_nc_gid=4de63_tBDvHaiijQGf_eOg&edm=AOQ1c0wBAAAA&ccb=7-5&oh=00_AfL3R7L0o3MdJtsjN0gcVxaxTKkWoqau9W2xlf0xzGlCJQ&oe=683B77C8&_nc_sid=8b3546
const_ruyendocasas,bricolaje,Construyendo Casas,,Seguir | construyendocasascursos.com + 1 | Cuentas relacionadas | pladur_oficial | PLADURÂ® ALGÃSSÂ® | Seguir | cadena88_ | Cadena 88 | Seguir | hettich.iberia,https://scontent-mad1-1.cdninstagram.com/v/t51.2885-19/241499251_566447704405406_4903327280164131163_n.jpg?stp=dst-jpg_s320x320_tt6&_nc_ht=scontent-mad1-1.cdninstagram.com&_nc_cat=102&_nc_oc=Q6cZ2QElj7VGUj64i_eOEyFxukyzfpIPYU0wySh0ltyprgBx3mGecmBtGCGi_5a9YS7iO7E&_nc_ohc=jA203S0_94sQ7kNvwFkHwcY&_nc_gid=sWuMMtfSMOiBxKfn7eSmww&edm=AOQ1c0wBAAAA&ccb=7-5&oh=00_AfJurwC3UkaArg7gs_qn_6TPjlD9X5FckEqqAmRe4n4wyw&oe=683B6890&_nc_sid=8b3546
cris_tortu,deportes | motor | general,CRISTINA  GUTIÃ‰RREZ,"ğŸ‡ªğŸ‡¸Rally driver
ğŸ¥‡@dakarrally Champions T3 â€˜24
ğŸ¥‡@extremeelive Champions â€˜22
ğŸ¥‡World Rally Raid Champion T3 â€˜21
ğŸ… x8 @dakarrally 
âš¡ï¸Athlete @redbullesp",Seguir | Deportista | linkr.bio/cristinagutierrez,https://scontent-mad2-1.cdninstagram.com/v/t51.2885-19/440781291_1346217142894835_3406830738713610384_n.jpg?stp=dst-jpg_s320x320_tt6&_nc_ht=scontent-mad2-1.cdninstagram.com&_nc_cat=111&_nc_oc=Q6cZ2QHwdjdYEG5rFqfnFv5qpRg9em76hFU3jIR531al2LkCv3R6iFoZRIAWxi70smnCv3Q&_nc_ohc=n6BR6dOYLPsQ7kNvwFAkKvw&_nc_gid=DxRpcMHwQGuBO8gItqhEMQ&edm=AOQ1c0wBAAAA&ccb=7-5&oh=00_AfKnMs_Jb69I9Of-DJN5KLLpp-MM1rMP8jhDjJ0BXFvr2g&oe=683B8150&_nc_sid=8b3546
davidbisbal,musica y cine | general,Davidbisbal,"#AlmerÃ­a, #AndalucÃ­a, #EspaÃ±a.",Seguir | MÃºsico/grupo de mÃºsica | whatsapp.com/channel/0029Va8Hl8Z0rGiRVbqBML1D + 1 | Cuentas relacionadas | antoniorozco10 | Antonio Orozco | Seguir | pabloalboran | Seguir | ana_obregon_oficial,https://scontent-mad1-1.cdninstagram.com/v/t51.2885-19/494547692_18505229878033930_8698207927770264032_n.jpg?stp=dst-jpg_s320x320_tt6&_nc_ht=scontent-mad1-1.cdninstagram.com&_nc_cat=1&_nc_oc=Q6cZ2QHLG-_X1DwTUbXo1itdzdNODXUEf2ndJQKrwATLWTYfvHX3BTYM3Iv4EBt5c9ruym4&_nc_ohc=nmtdRj8UJmUQ7kNvwE2IZDO&_nc_gid=LyFG67ZYhoc8OjpTTMYnZw&edm=AOQ1c0wBAAAA&ccb=7-5&oh=00_AfIXiKiBsLfdmqkGB11tB5I4x0GtJYVVARpmt79QEq4oww&oe=683B5963&_nc_sid=8b3546
elesky,musica y cine | general,Elesky ğŸ¦‹,"ğŸ¹ Pianista, arreglista, actriz ğŸ­ 
ğŸ“© elesky25@gmail.com ğŸ“©
ğŸ“£ CONCIERTOS AQUÃ ABAJO ğŸ‘‡",Seguir | MÃºsico | lnk.bio/Elesky and 2 more,https://scontent-mad2-1.cdninstagram.com/v/t51.2885-19/419968436_1189160648710964_6222034050536469012_n.jpg?stp=dst-jpg_s320x320_tt6&_nc_ht=scontent-mad2-1.cdninstagram.com&_nc_cat=108&_nc_oc=Q6cZ2QEtR-yyvAwQV12hED8JPrjzLqXlKDbUM6zyjwbLud5I9fYNShASLUaQojWW_wDKeK8&_nc_ohc=e49zV0W1u8QQ7kNvwFKnOyU&_nc_gid=DsQ4ADZWIsqKo1znWTqCbg&edm=AOQ1c0wBAAAA&ccb=7-5&oh=00_AfK-EFI9JH4elYnX4nvoYtPL5A5dSE5NKKx3ShovOUrf0w&oe=683B6697&_nc_sid=8b3546
epicraybacon,mascotasÂ  | videojuegos,Ray Bacon,"Horneo vÃ­deos de Nintendo Switch 2 ğŸ‘
#elgatopartner ğŸ¤ @elgatoeslatam 
Mi web ğŸ‘‡",Seguir | Creador digital | raybacon.info | Cuentas relacionadas | sliverrk_ | Sliver | Seguir | soyfedelobo | Fedelobo | Seguir,https://scontent-mad1-1.cdninstagram.com/v/t51.2885-19/135641477_1932151120259114_6208913430545750265_n.jpg?stp=dst-jpg_s320x320_tt6&_nc_ht=scontent-mad1-1.cdninstagram.com&_nc_cat=102&_nc_oc=Q6cZ2QEBt1j-ODNcwubTnf5hot1EoqeR8krnbPqSFpdOMgqb7lQ3mYfmgPn0YU28Qv8U7e4&_nc_ohc=-m9g2TzKT7gQ7kNvwE6bNrY&_nc_gid=JkZycxj53RpoCR4pqCKrWA&edm=AOQ1c0wBAAAA&ccb=7-5&oh=00_AfI3hVvLom8I8t5-7knl1owMAHyCTTEAtHD31egqEMsXPA&oe=683B72BC&_nc_sid=8b3546
evahdealba,hogar | bricolaje,Bricolaje y DIY. Eva H de Alba,"âš’Bricowoman- Tallerista- DIY- DecoraciÃ³n 
ğŸŒŸCreadora de contenido digital 
ğŸŒˆÂ¿Te apetece hacer un taller creativo? 
ğŸ‘‹Colabâœ‰ï¸ Evixdealba@gmail.com",Seguir | Artista | drive.google.com/file/d/1pIv9pAPb205wf3XtnDTbRNZVaErKaSvg/view?usp=drive_link | Cuentas relacionadas | nenaplantsflow | NenağŸª´Plantas & InspiraciÃ³n | Seguir | omar_homedecor | á´á´á´€Ê€ Ê™Éªá´‡ÊŸêœ±á´€ | Êœá´á´á´‡á´…á´‡á´„á´Ê€ | Seguir,https://scontent-mad2-1.cdninstagram.com/v/t51.2885-19/275913641_710700410096556_3832971194749676459_n.jpg?stp=dst-jpg_s320x320_tt6&_nc_ht=scontent-mad2-1.cdninstagram.com&_nc_cat=100&_nc_oc=Q6cZ2QGVuwLbp22nM7ug6NKZlEV-t27Qmn_yBCU6SeSyNHiWeidOU06t_N2xH8RpdfxaTKU&_nc_ohc=PD7EaYNt1WwQ7kNvwFrDbnD&_nc_gid=esdhzf0gCiyRcjt-6H91Qg&edm=AOQ1c0wBAAAA&ccb=7-5&oh=00_AfJL-jz4DBLeLjPPIsmuOsF3qDRgzwas76JRi-pNifdj7A&oe=683B67EC&_nc_sid=8b3546
farmaceuticofernandez,parafarmacia,Ãlvaro FernÃ¡ndez,"ğŸ‘¨ğŸ½â€âš•ï¸FarmacÃ©utico de dÃ­a y a veces de noche
ğŸ¤“ Graduado en ADE y sexologÃ­a 
ğŸ“– Autor de Nadie nace sabiendo
ğŸ“©farmaceuticofernandez@nativetalents.es",Seguir | Bloguero | bio.site/AlvaroFernandez | Cuentas relacionadas | nachter | Las aventuras de Nacho | Seguir | galdervaras | Galder Varas | Seguir,https://scontent-mad1-1.cdninstagram.com/v/t51.2885-19/272619092_220227330225320_406590680677587093_n.jpg?stp=dst-jpg_s320x320_tt6&_nc_ht=scontent-mad1-1.cdninstagram.com&_nc_cat=1&_nc_oc=Q6cZ2QH0hKQPQNNdVk61M-OoEsBB5Xi0MGOiJwjdHpQA1RusyQVKPl07i0qxlFxmH2RtFQ8&_nc_ohc=mu1BrLDn-dcQ7kNvwEthu4P&_nc_gid=bszasiPa7bhMPJ9t6PzvyA&edm=AOQ1c0wBAAAA&ccb=7-5&oh=00_AfLJS5yJ9wxn70yCsTbrjDdbgPW5qMw8BOinnerfTIVlTw&oe=683B51ED&_nc_sid=8b3546
gemelosviajeros,viajes y equipaje,Alfon & Gon| Viajes ğŸŒğŸ“¸,"ğŸŒ Alfon & Gon
ğŸ“© info@gemelosviajeros.net
â¬‡ï¸ Vuelos y descuentos de viajes",Seguir | Personaje pÃºblico | linktr.ee/gemelosviajeros | Cuentas relacionadas | nachter | Las aventuras de Nacho | Seguir | jonata.26 | Jonata26 | Seguir,https://scontent-mad2-1.cdninstagram.com/v/t51.2885-19/272048960_1381529515635503_5204805711495305278_n.jpg?stp=dst-jpg_s320x320_tt6&_nc_ht=scontent-mad2-1.cdninstagram.com&_nc_cat=111&_nc_oc=Q6cZ2QHxFDjz6vpIZQ0vmZbbsUVlrsiw7m1-dB2lsyYyEcd6bX2i3hn6z8P1yOOSfpGFLVI&_nc_ohc=JYSuC1p4E8YQ7kNvwFVCckG&_nc_gid=awMUwFpZ440TWEX0utHyqg&edm=AOQ1c0wBAAAA&ccb=7-5&oh=00_AfLJJgyfODPVAkS7EoHeSujcmTw1wvaBXItXYlMl_N52mw&oe=683B6C98&_nc_sid=8b3546
giorgiasilvestrii,joyeria,Giorgia Silvestri,"Giorgia Silvestri 
Owner of Conte Orologi, orologi di lusso âœ¨
ğŸ’œ UNICO PROFILO ğŸ’œ 
Condivido le mie passioni e ne parlo con semplicitÃ  âœ¨",Seguir | Blog personal | www.conteorologi.it | Cuentas relacionadas | angelonuvoletta | Angelo Nuvoletta | Seguir | lecaveaudutemps | Plinio Gioielli S.r.l | Seguir,https://scontent-mad2-1.cdninstagram.com/v/t51.2885-19/443733623_867631652069848_2421891252242740039_n.jpg?stp=dst-jpg_s320x320_tt6&_nc_ht=scontent-mad2-1.cdninstagram.com&_nc_cat=104&_nc_oc=Q6cZ2QFpoPFRbqMS73xqYF972YlUUPktJ1ZgRkYTKwWehTyt20pf0eaYEPWRolK2Qh6uCN4&_nc_ohc=9pbMqGd5nbAQ7kNvwEWn2yk&_nc_gid=YIzp8DHdVcnJNoSesbcjQQ&edm=AOQ1c0wBAAAA&ccb=7-5&oh=00_AfJZN60s37PMWIGAkxzLcIR2Xgo6jRiU2C1Zn_PqRp-6Zg&oe=683B7CA7&_nc_sid=8b3546
hugo_pesquera,mascotasÂ ,Hugo Pesquera,"ProCan âœ‚ï¸ğŸ¶Escuela de peluquerÃ­a caninağŸ¶âœ‚ï¸
El perro es el Ãºnico ser que te quiere mÃ¡s que a si mismo
Â¿ï¼±ï¼µï¼©ï¼¥ï¼²ï¼¥ï¼³ ï¼¶ï¼¥ï¼² ï¼­Ãï¼³ï¼Ÿ
ğŸ‘‡ğŸ‘‡ğŸ‘‡ğŸ‘‡ğŸ‘‡ğŸ‘‡",Seguir | Servicio de mascotas | linktr.ee/escuelaprocan | Cuentas relacionadas | petluditos.cl | Petluditos | Seguir | monica.corchado | Instituto Dog Coaching | Seguir,https://instagram.fvlc7-1.fna.fbcdn.net/v/t51.2885-19/137636538_110213841010299_8005937311587941838_n.jpg?stp=dst-jpg_s320x320_tt6&_nc_ht=instagram.fvlc7-1.fna.fbcdn.net&_nc_cat=103&_nc_oc=Q6cZ2QFU2ss-KGVGxZAMB6yHcV5Vb_pJzaHOr-d1BCjWi3UzDjq7Ns9CTuBkNDP8uD0-8cc&_nc_ohc=sDGx-NPYEWgQ7kNvwFowYK0&_nc_gid=FuuLzHihorWi53vy-Ef9EA&edm=AOQ1c0wBAAAA&ccb=7-5&oh=00_AfJGhnTLe8e3xjGCQuK2KNiklJJ9kOcWz8KUCjFAODjw4Q&oe=683B8324&_nc_sid=8b3546
imagus51,musica y cine | general,Agustin51,"â˜€ï¸ Sevilla - Andorra ğŸ” 
Compositor, Streamer y creador de contenido. 
Colaboraciones a:
ğŸ“§ agustin51@paconi.es",Seguir | Creador de vÃ­deos de juegos | youtu.be/uYvQzpDea_0 | Cuentas relacionadas | vicenss_ | Vicens | Seguir | victormelida | byViruZz | Seguir,https://scontent-mad2-1.cdninstagram.com/v/t51.2885-19/301349516_520607953072900_5440226786968766982_n.jpg?stp=dst-jpg_s320x320_tt6&_nc_ht=scontent-mad2-1.cdninstagram.com&_nc_cat=104&_nc_oc=Q6cZ2QH_T1Y8Rw0Y3EZ8POvZ0CjTtDtpAjCi7hlrNsVgHxdmHhO3DLKUtk2P0WJg88JReyY&_nc_ohc=8MW_tjkJ10cQ7kNvwHM3C-a&_nc_gid=AtR-qV4AwbIq1i-5NyoNhA&edm=AOQ1c0wBAAAA&ccb=7-5&oh=00_AfJqIq-7n97yqRxvKfG9DxnOxhymLQ-eu2bSBaivOdDJpA&oe=683B54DB&_nc_sid=8b3546
isartvlog,papeleria,Isa,"Coleccionista de muÃ±ecas, de papelerÃ­a y de redes sociales. Â¿FotÃ³grafa? Eso creÃ­aâ€¦ Subo cosas a youtube.","Seguir | Artista | isartblog.es/bio | Cuentas relacionadas | the_flower_journal | InÃ©s SeÃ±as | Lettering, Acuarela y Art Journal | Seguir | entropia_paperstore | ENTROPÃA | Seguir",https://scontent-mad1-1.cdninstagram.com/v/t51.2885-19/280669360_150659234140719_6631789919900284510_n.jpg?stp=dst-jpg_s320x320_tt6&_nc_ht=scontent-mad1-1.cdninstagram.com&_nc_cat=103&_nc_oc=Q6cZ2QEvh5_1-jfaaBtl38OImC-Dg2EdaoZaFPpyDVuk4Z-zEHKlSUyXi0Czm2e_ptp32yQ&_nc_ohc=BdguzJvnrysQ7kNvwFQbdhx&_nc_gid=DFgMdQwb-HHnnEQwRks_3g&edm=AOQ1c0wBAAAA&ccb=7-5&oh=00_AfJwwhsMsLrJ9tXb1zIQPJE6Bxsf254DWs1IgvMIwd4hew&oe=683B7735&_nc_sid=8b3546
juanjobricks,universo friki | juguetes,Juanjo Bricks,"ğŸ”µ LEGO, LEGO y mÃ¡s LEGO
âš¡ï¸ Harry Potter 
ğŸ“© juanjobricks@gmail.com
â¬‡ï¸ Ãºltimo vÃ­deo y todos los enlaces",Seguir | linktr.ee/juanjobricks | Cuentas relacionadas | galegobricksantapola | galegobricksantapola | Seguir | lego | LEGO | Seguir | el.minifigs,https://scontent-mad2-1.cdninstagram.com/v/t51.2885-19/431215011_1868373773627580_6735862727820155095_n.jpg?stp=dst-jpg_s320x320_tt6&_nc_ht=scontent-mad2-1.cdninstagram.com&_nc_cat=100&_nc_oc=Q6cZ2QEf48hNcan1t55V4BCBN2u44FC3j5jToWleU79tIgcDBX4RJVLXr7lFt9nAHvQC2BU&_nc_ohc=wUzMxIF5X9oQ7kNvwEe452C&_nc_gid=_kdTjCZYBgIKWQ2HCly4zg&edm=AOQ1c0wBAAAA&ccb=7-5&oh=00_AfJSOUnDyPqAc94uq5fP8EgKXF5G4OJn5l5FKygl9GABtg&oe=683B774F&_nc_sid=8b3546
letrasdecoloresoficial,libreria,"Ana PÃ©rez Llinares Libros, reseÃ±as y frases","ğŸ“– Recomendaciones literarias 
â™¥ï¸ ReseÃ±ista en el Publishers Weekly en espaÃ±ol  
ğŸš€Embajadora de Planeta CÃ³mic  
ğŸ‘‡ CLUB DE LECTURA ENTRE LINEAS ğŸ‘‡",Seguir | t.me/+vVRXRK8awfRiNDU0 + 1 | Cuentas relacionadas | bibliophile.mind | el elixir de oroğŸ†ğŸ¤ğŸ¹ | Seguir | atravesdelalma_books | Cami Bookstagrammer | Seguir | isabooks10,https://scontent-mad1-1.cdninstagram.com/v/t51.2885-19/329918229_866031504699031_8776138899326242826_n.jpg?stp=dst-jpg_s320x320_tt6&_nc_ht=scontent-mad1-1.cdninstagram.com&_nc_cat=107&_nc_oc=Q6cZ2QGwqlv3SyC1UdPwW2NTcV7Zpss_PwBF6pz6TXbJhQAHCFOVcezOexVCd1NLJrTMvqo&_nc_ohc=lSUBQRa5T5IQ7kNvwET844O&_nc_gid=QYmVJ8qfYPOdb4UEjL36gA&edm=AOQ1c0wBAAAA&ccb=7-5&oh=00_AfIhEOflaDw-BzbMfKkd2W1o88d3W-4d4hzcyavEsEqG6w&oe=683B8375&_nc_sid=8b3546
mikeyfdez,libreria,mikey fernÃ¡ndez,"jane austen stan acount
ğŸ§¡ siempre nos quedarÃ¡ seÃºl (2024)
ğŸ§ proyecto secreto (2026)",Seguir | Escritor | fantoniogargallo.unizar.es/curso/2025/curso-literario-de-la-mano-de-espido-freire-tras-los-pasos-de-jane-austen + 1 | Cuentas relacionadas | anitalectora | ğŸª„Ana ğŸ§šâ€â™‚ï¸ | Seguir | entretulipanes | ENTRE  TULIPANES â–ªï¸ ë¦¬ë””ì•„ | Seguir,https://scontent-mad1-1.cdninstagram.com/v/t51.2885-19/472332136_4793599530865999_5897405164813630955_n.jpg?stp=dst-jpg_s320x320_tt6&_nc_ht=scontent-mad1-1.cdninstagram.com&_nc_cat=107&_nc_oc=Q6cZ2QHFvtr1EH7soJZjW87rJ915SEjmzkSwM8JLtXoihRjNeky3tddzFY1PrDc6wt8XLto&_nc_ohc=GAGVTciOtTMQ7kNvwGwUpSd&_nc_gid=QSAU6pOacvvHeHp9Fs1xNA&edm=AOQ1c0wBAAAA&ccb=7-5&oh=00_AfKdAyJmmB8KTR7x0zrB0UIXcGLzNvgnETB-hjcE_MWNuw&oe=683B8047&_nc_sid=8b3546
mishoamoli,moda | general,Mihail Amoli,"3.1415926535
@manuelcarcelentalents
mishoamolicontacto@gmail.com",Seguir | Modelo | www.youtube.com/@MishoPerjudica + 1 | Cuentas relacionadas | guanyarr | guanyar | Seguir | yosoyplex | YoSoyPlex | Seguir,https://scontent-mad1-1.cdninstagram.com/v/t51.2885-19/490853597_544274431655585_3200596244045325394_n.jpg?stp=dst-jpg_s320x320_tt6&_nc_ht=scontent-mad1-1.cdninstagram.com&_nc_cat=1&_nc_oc=Q6cZ2QEJ9OqnTQ0liGz55KSSH2nh8_X9sAnmIeD8pnhSMj5_xQHvyZ5JgfhznTkFdyH9Ado&_nc_ohc=XOuCuAxrjNgQ7kNvwFneO-L&_nc_gid=RWCqF6doXU3RIWI-1tkrPA&edm=AOQ1c0wBAAAA&ccb=7-5&oh=00_AfLPgesynG11tUpkBY7zH1pb6_WYZJ4n8sj9lQFy2wuwWw&oe=683B644B&_nc_sid=8b3546
nategentile7,electronica y electrodomesticos,Nate Gentile,"Divulgador de tecnologÃ­a ğŸš€
Fundador & Director de Contenido @mastermind.ac
Ingeniero de software / TecnÃ³logo
MÃ¡s sobre mi â¬‡ï¸",Seguir | linktr.ee/nategentile | Cuentas relacionadas | quantumfracture | Jose Luis Crespo | Seguir | illojuan | Juan Alberto | Seguir | luisitocomunica,https://scontent-mad1-1.cdninstagram.com/v/t51.2885-19/440195888_1146630106785037_4219719410760583936_n.jpg?stp=dst-jpg_s320x320_tt6&_nc_ht=scontent-mad1-1.cdninstagram.com&_nc_cat=101&_nc_oc=Q6cZ2QHd-4-y1pkR7-97JQj67_MjOVG3CEuUYeM0dTC_f_oRKkOUpB6UtZOFR8iE4-LWkIU&_nc_ohc=0Ujj8qP9Y1oQ7kNvwEslkcG&_nc_gid=Gos2ZyfYrLMWgMWmG-ay1w&edm=AOQ1c0wBAAAA&ccb=7-5&oh=00_AfLwvz_cFqothpUxWRmuW_RqCL6dH9Vxp7aBvGve7zYl_Q&oe=683B8200&_nc_sid=8b3546
nonaspinola,papeleria | parafarmacia | moda | perfumeriaÂ y cosmeticaÂ  | general,Nona SpiÌnola | Maquillaje,"ğŸ’—Hola Mores!
Futura maestra, #opositora, moda, Life style, #tdah y #maquillaje
Links sÃºper importantes â¬‡ï¸â¬‡ï¸",Seguir | zez.am/nonaspinola,https://scontent-mad1-1.cdninstagram.com/v/t51.2885-19/430080764_415795160948250_3970109654454946859_n.jpg?stp=dst-jpg_s320x320_tt6&_nc_ht=scontent-mad1-1.cdninstagram.com&_nc_cat=106&_nc_oc=Q6cZ2QFXS62ApGLWo1hSu7D2_yboMjWxgmQeRrUzR5evBcSCvjSpjwoSW6TAVK3T9UPDtCo&_nc_ohc=kSkron54If8Q7kNvwHn1tVS&_nc_gid=EZ-ufMv0BOQ-NvcGF1cDSw&edm=AOQ1c0wBAAAA&ccb=7-5&oh=00_AfK3KHvUbOtRqDvR17pSyMd7Wkt_hNmP94acnywCR837NA&oe=683B7C3A&_nc_sid=8b3546
orianaccesorios,joyeria,DiseÃ±adora de joyas,"Joyas para una Diosa MagnÃ©tica  ğŸâ¤ï¸â€ğŸ”¥
Herramientas | EnseÃ±o joyerÃ­a 
Explora tu esencia divina @mineraliaglow 
ğŸ“GijÃ³n ğŸ‡ªğŸ‡¸",Seguir | Vendedor de joyas | www.orianaccesorios.com,https://scontent-mad1-1.cdninstagram.com/v/t51.2885-19/451632246_1837838043405234_748938999238776737_n.jpg?stp=dst-jpg_s320x320_tt6&_nc_ht=scontent-mad1-1.cdninstagram.com&_nc_cat=106&_nc_oc=Q6cZ2QGnXhNeRNiY2PI7v66282J98Cxewtf9gCclPcJeBFubxmpQvJaDcuVoj1Auxs8TByE&_nc_ohc=QZp8ZZ5D6loQ7kNvwE04HYW&_nc_gid=pn3BEKw7vhBFfOzGkG6oIA&edm=AOQ1c0wBAAAA&ccb=7-5&oh=00_AfLBL9m8tLd5tpKzIegfK_vsxbcGaJBmsW-lcVhSz_lSmQ&oe=683B7679&_nc_sid=8b3546
oscar_casas_,musica y cine | general,OÌ S C A R    C A S A S,"Iâ€™m a son, a brother and also an actor. 
Manager @aleighthouse 
Digital manager @noapict_management 
ğŸ‡ªğŸ‡¸",Seguir | www.imdb.com/name/nm2027428 | Cuentas relacionadas | blanca_suarez | Blanca SuÃ¡rez | Seguir | lolalolita | ğŸŒ¸Lola LolitağŸŒ¸ | Seguir | sheilacasas,https://scontent-mad1-1.cdninstagram.com/v/t51.2885-19/284193279_558755189139884_5647837178340282305_n.jpg?stp=dst-jpg_s320x320_tt6&_nc_ht=scontent-mad1-1.cdninstagram.com&_nc_cat=1&_nc_oc=Q6cZ2QHMOjKdynvV6HNgkKP9PAuD5-l98WWkwvMjmzKAT5k-y_PJ4N4RTsIE6P_OUhdTde4&_nc_ohc=QdVlOIRms2oQ7kNvwEC1wGR&_nc_gid=eMnmgdtGbIsN6NpPNlatGg&edm=AOQ1c0wBAAAA&ccb=7-5&oh=00_AfIvY9DawV2Srl9DZ7Ex9tHlGGuYJ6dGKEXQaZfaZTTCYw&oe=683B7EC5&_nc_sid=8b3546
pilarrubio,parafarmacia | musica y cine | moda | perfumeriaÂ y cosmeticaÂ  | general,Pilar Rubio,"MamÃ¡ ğŸ‘¦ğŸ»ğŸ§’ğŸ¼ğŸ§’ğŸ¼ğŸ‘¶ğŸ¼
ComunicadoraÂ con alma rockeraâš¡
ğŸ“º @elhormiguero @eldesafioa3 #MakeUpStars #DiscoveringCanaryIslands @rakutentv_es 
ğŸ“© Pilar@thinketers.com",Seguir | www.amazon.es/m%C3%A9todo-llevar-saludable-Bienestar-salud/dp/8418055189/ref=asc_df_8418055189/?tag=googshopes-21&linkCode=df0&hvadid=527793407464&hvnetw=g&hvrand=13872203622599438698&hvdev=c&hvlocphy=9061036&hvtargid=pla-1477910079727&psc=1,https://scontent-mad1-1.cdninstagram.com/v/t51.2885-19/462795436_526850830154095_8335732246031432071_n.jpg?stp=dst-jpg_s320x320_tt6&_nc_ht=scontent-mad1-1.cdninstagram.com&_nc_cat=1&_nc_oc=Q6cZ2QHYm7jh5g8smx0esrpg9YYzwuY2YmuZQMMa30KYLteI7Eeq4oslGGvl4Q-tqgoAkQo&_nc_ohc=YGSQSvtcC5EQ7kNvwF3ogEC&_nc_gid=QJ_W1oHddYYvRr3fR5RCzw&edm=AOQ1c0wBAAAA&ccb=7-5&oh=00_AfJxP6yA91VMtO4TTpJdL65r9uQwvKy06ahq7WB3Eqo7WA&oe=683B63E2&_nc_sid=8b3546
renancupcakes,alimentacion | bodas,Renan Rodrigues ğŸ‚Repostero/Pastelero,"ğŸ‘¨ğŸ½â€ğŸ³Te enseÃ±o recetas fÃ¡ciles y ricasğŸ§
ğŸ‚Talleres de reposterÃ­a en Granada ğŸ¥
âœ¨Eventos y Bodas ğŸ°
ğŸ“º @bakeoffbrasil 
ğŸ‘‡ğŸ¼ Encargos e informaciones",Seguir | Producto/servicio | wa.me/message/K2GSUS5NWQJAA1 + 2,https://scontent-mad1-1.cdninstagram.com/v/t51.2885-19/449203845_932693752202775_7916626628458748216_n.jpg?stp=dst-jpg_s320x320_tt6&_nc_ht=scontent-mad1-1.cdninstagram.com&_nc_cat=103&_nc_oc=Q6cZ2QF0cGidTBbwoF0Kcgq92I_Z-y0lC6kYF5fpNk0XIC1JfFfO9DNdICEfgeafEvl08fw&_nc_ohc=34_uw6sbv2wQ7kNvwEJKfMb&_nc_gid=GP4UZcvdk6rev2bTJodVJw&edm=AOQ1c0wBAAAA&ccb=7-5&oh=00_AfKZhTnZuNAmoDuqHjOvDeTChKyFcfcztKhjWTcgyTdGBg&oe=683B5EA6&_nc_sid=8b3546
sezarblue,alimentacion,Sezar Blue,"Soy Sezar Blue, youtuber gastronÃ³mico INDEPENDIENTE 
Contacto: fotografosmayor@gmail.com 
â¬‡ï¸Mi NUEVO VIDEO!!!â¬‡ï¸",Seguir | Creador de vÃ­deos | youtu.be/RAq6IYEhBCM?si=IiDMWPN3C0WAnjyf | Cuentas relacionadas | 50mejoresburgers | 50 Mejores Burgers de EspaÃ±a | Seguir | carlos_sierra_chef | Carlos Sierra GalÃ¡n | Seguir,https://scontent-mad2-1.cdninstagram.com/v/t51.2885-19/61877682_1070840739777584_5929297498538508288_n.jpg?stp=dst-jpg_s320x320_tt6&_nc_ht=scontent-mad2-1.cdninstagram.com&_nc_cat=108&_nc_oc=Q6cZ2QE2MV2KhZQa6EHKMa9W4bZ66EOEY5Ua--g_0s3EAPy6sQffVkG1b1G22KEN9zMR780&_nc_ohc=QwYL1psfQ-8Q7kNvwGAfBoN&_nc_gid=18EqFeMnEF3j478eplrl-g&edm=AOQ1c0wBAAAA&ccb=7-5&oh=00_AfIe7l4RGsPIo3ZdEzX9tTfISNmF0sFfBTv8oCQDSDu7tw&oe=683B7A98&_nc_sid=8b3546
sorpresasdivertidas,juguetes,Sorpresas Divertidas,"YouTube ğŸ¥
Sorpresas DivertidasğŸ‘‰6M subs
BB JuguetesğŸ‘‰900mil subs
Nuestras muÃ±ecasğŸ‘‰ @sdofficialshop 
Estoy en @nuriadenadur
Mi tienda de juguetesğŸ‘‡",Seguir | Bloguero | sorpresasdivertidas.com/es/products + 1 | Cuentas relacionadas | lulipampinoficial | Luli PampÃ­n | Seguir | latiendadelbebereborn | La tienda del bebe reborn | Seguir,https://scontent-mad2-1.cdninstagram.com/v/t51.2885-19/51186438_1045727795620956_6742257231972007936_n.jpg?stp=dst-jpg_s320x320_tt6&_nc_ht=scontent-mad2-1.cdninstagram.com&_nc_cat=100&_nc_oc=Q6cZ2QG3tgT99nIMP8sARSJw1kbZXtipSFQ6L_uy_X9x1Kpel_5aCgK2A7oDqDFOjl0gfTc&_nc_ohc=hbLYbVxEAH8Q7kNvwGE-SZA&_nc_gid=QNzy3QGDdH3HuOw0GHTnKw&edm=AOQ1c0wBAAAA&ccb=7-5&oh=00_AfJexAuYf-gcD02CMLAz1QjOsImg1d46iaRi1xJdnIA4Aw&oe=683B64AC&_nc_sid=8b3546
topesdegama,electronica y electrodomesticos,Topes de Gama,"ğŸ”¥ La mejor tecnologÃ­a. Estamos para ayudarte, para decirte lo bueno y lo malo de los mÃ³viles del mercado. Bienvenidos a Topes de Gama.",Seguir | youtu.be/0z1KyjJB21o?si=JwS5XqWIp8nZ56mm and 1 more,https://instagram.fvlc7-1.fna.fbcdn.net/v/t51.2885-19/15253118_103723353452803_383541223777894400_a.jpg?stp=dst-jpg_s320x320_tt6&_nc_ht=instagram.fvlc7-1.fna.fbcdn.net&_nc_cat=107&_nc_oc=Q6cZ2QHBqCvhFTBIkptcv5BetpF9x08K39qcKXCoTz-klA2xFlRgSuLhyAoGCMVbj3gqDL8&_nc_ohc=Qx2OHPhgP0gQ7kNvwGX4_R_&_nc_gid=X3y0ZvW9HRGxv6MPUL6llA&edm=AOQ1c0wBAAAA&ccb=7-5&oh=00_AfKnlb5nd6xUDZE9Gjga2mqGd6__NksqktaQBT4xBiberg&oe=683B70F2&_nc_sid=8b3546
verdeliss,deportes | general,verdeliss | Estefi Unzu,"ğŸŒ¿CEO @greencornerss & @greencornerss_sport 
ğŸ‡ªğŸ‡¸RÃ©cord EspaÃ±a 100k
ğŸ¥‡Cto EspaÃ±a 100kğŸ¥‰Cto EspaÃ±a MaratÃ³n F35
ğŸƒğŸ¼â€â™€ï¸MaratÃ³n 2:49
âœ‰ï¸ madreverdeliss@gmail.com",Seguir | Personaje pÃºblico | gofund.me/2a072ff2,https://scontent-mad1-1.cdninstagram.com/v/t51.2885-19/486524289_1178344367268719_4176662486826644383_n.jpg?stp=dst-jpg_s320x320_tt6&_nc_ht=scontent-mad1-1.cdninstagram.com&_nc_cat=1&_nc_oc=Q6cZ2QH7wHrCPTKTBEr95aw0Afa2_J34CiVgZJ_vbhG486h-NaJmNHdilW0pu7BUbclkNBw&_nc_ohc=X2YSgRsh7YwQ7kNvwE_ALkH&_nc_gid=TsUrmJ_p3MCVzF60utKWPg&edm=AOQ1c0wBAAAA&ccb=7-5&oh=00_AfJRPBOa96rjGQuUCP3cUpo9BTR7_pjNkTZcQL5LMuECMw&oe=683B5B08&_nc_sid=8b3546
